,n_features_to_select,mean_val_score (r2),fit time per fold (s)
8,30,0.8945420180332279,10.472449541091919
7,28,0.8921102227364993,11.081341791152955
6,25,0.8913435732790982,11.143593883514404
5,22,0.8912276167801491,11.224754905700683
3,18,0.887953487717472,11.199323606491088
4,20,0.8878960299148374,11.310182857513428
2,15,0.7354482576205332,11.396086168289184
1,12,0.590999073981887,12.258075141906739
0,10,0.5901956543372144,12.842574739456177
