,n_features_to_select,mean_val_score (r2),fit time per fold (s)
0,10,0.5901862718981709,9.672374820709228
1,12,0.5909740085578539,10.29796257019043
2,15,0.7616605597673063,10.777402257919311
3,18,0.7786950174920706,11.721034526824951
4,20,0.7806216902777426,11.285952472686768
5,22,0.8142325247753224,11.25568447113037
6,25,0.8183562911599633,8.79818935394287
7,28,0.8838182477822739,8.77426528930664
8,30,0.886463262611703,8.837209272384644
